FeatureID,Name,Formula,MW,KEGG Pathways,Metabolika Pathways,name4plot,C,H,O,N,S,P,H_to_C,O_to_C,NOSC,GFE,DBE,DBE_O,AI,AI_mod,DBE_AI,Class,control_means,treatment_means,ratio,log2FC,pval,pval.adj,Comment,KEGGPathways
Feature1686,Phenacetin,C10 H13 N O2,179.09467,"Metabolic pathways;Biosynthesis of secondary metabolites;2-Oxocarboxylic acid metabolism;Biosynthesis of alkaloids derived from shikimate pathway;Phenylalanine, tyrosine and tryptophan biosynthesis;Other",NA,Phenacetin-peak5,10,13,2,1,0,0,1.3,0.2,-0.5999999999999996,77.39999999999999,5,3,0.2857142857142857,0.375,2,Lignin,7166201.177267223,10235332.069462538,1.4282786397249463,0.5142774590133322,0.010118295183835812,0.016641157321764917,Upregulated,Biosynthesis of secondary metabolites
Feature1668,DL-Carbidopa,C10 H14 N2 O4,226.09535,Metabolic pathways;Biosynthesis of secondary metabolites;Microbial metabolism in diverse environments;Biosynthesis of cofactors;Other,Other,DL-Carbidopa,10,14,4,2,0,0,1.4,0.4,0,60.3,5,1,-0.25,0.16666666666666666,-1,Lignin,395487548.53826416,1161934472.3282928,2.937979910171239,1.5548245308174673,5.832695760604741e-8,2.2661895913909245e-7,Upregulated,Biosynthesis of secondary metabolites
Feature1657,"3',4'-Dimethoxyacetophenone",C10 H12 O3,180.07864,Metabolic pathways;Biosynthesis of secondary metabolites;Phenylpropanoid biosynthesis;Biosynthesis of phenylpropanoids;Biosynthesis of various plant secondary metabolites;Other,NA,"3',4'-Dimethoxyacetophenone-peak2",10,12,3,0,0,0,1.2,0.3,-0.5999999999999996,77.39999999999999,5,2,0.2857142857142857,0.4117647058823529,2,Lignin,1633665.6972180998,481294401.67334616,294.61009219506906,8.202663042111798,9.32413414193537e-5,2.0407084284804287e-4,Upregulated,Biosynthesis of secondary metabolites
Feature1651,"4-methoxy-6-(prop-2-en-1-yl)-2H-1,3-benzodioxole",C11 H12 O3,192.07866,Biosynthesis of secondary metabolites;Microbial metabolism in diverse environments;Phenylpropanoid biosynthesis;Other,NA,"4-methoxy-6-(prop-2-en-1-yl)-2H-1,3-benzodioxole-peak10",11,12,3,0,0,0,1.0909090909090908,0.2727272727272727,-0.5454545454545459,75.84545454545456,6,3,0.375,0.47368421052631576,3,Lignin,1025909.776448662,1456087.1056331347,1.4193130225092454,0.5051928037885083,0.0284508384834549,0.04393411156879909,Upregulated,Biosynthesis of secondary metabolites
Feature1645,NP-019445,C10 H10 O4,194.05792,Metabolic pathways;Biosynthesis of secondary metabolites;Phenylpropanoid biosynthesis;Biosynthesis of phenylpropanoids,Superpathway of scopolin and esculin biosynthesis;Other,NP-019445,10,10,4,0,0,0,1,0.4,-0.20000000000000015,66,6,2,0.3333333333333333,0.5,2,Lignin,2844517.527250963,523208645.6055073,183.93581357579248,7.523058599583306,1.590653385119517e-4,3.33899235984196e-4,Upregulated,Biosynthesis of secondary metabolites
Feature1644,DL-Tryptophan,C11 H12 N2 O2,204.08987,"Metabolic pathways;Biosynthesis of secondary metabolites;Biosynthesis of cofactors;Biosynthesis of amino acids;2-Oxocarboxylic acid metabolism;Biosynthesis of plant secondary metabolites;Biosynthesis of phenylpropanoids;Biosynthesis of alkaloids derived from shikimate pathway;Phenylalanine, tyrosine and tryptophan biosynthesis;Other",Superpathway of chorismate metabolism;Superpathway of aromatic compound degradation via 2-oxopent-4-enoate;Superpathway of aromatic amino acid biosynthesis;Superpathway of aromatic compound degradation via 3-oxoadipate;Other,DL-Tryptophan,11,12,2,2,0,0,1.0909090909090908,0.18181818181818185,-0.18181818181818168,65.48181818181817,7,5,0.42857142857142855,0.5,3,Lignin,336528712.61259204,482657180.1352852,1.4342228821673073,0.52026924022617,8.453007420327051e-4,0.0016125444335623902,Upregulated,Biosynthesis of secondary metabolites
Feature1628,L-Saccharopine,C11 H20 N2 O6,276.13215,Metabolic pathways;Biosynthesis of secondary metabolites;Biosynthesis of amino acids;Lysine degradation;Other,Superpathway of L-lysine degradation,L-Saccharopine,11,20,6,2,0,0,1.818181818181818,0.5454545454545454,-0.18181818181818168,65.48181818181817,3,-3,-1.6666666666666667,-0.3333333333333333,-5,Protein,17084911.579799067,318617516.76837975,18.649058573127654,4.221030898227871,1.4807074326532415e-6,4.332156115569242e-6,Upregulated,Biosynthesis of secondary metabolites
Feature1621,8-{3-Oxo-2-[(2E)-2-penten-1-yl]-1-cyclopenten-1-yl}octanoic acid,C18 H28 O3,292.20378,Metabolic pathways;Biosynthesis of secondary metabolites;Other,Superpathway of lipoxygenase,8-{3-Oxo-2-[(2E)-2-penten-1-yl]-1-cyclopenten-1-yl}octanoic acid-peak3,18,28,3,0,0,0,1.5555555555555556,0.16666666666666666,-1.2222222222222223,95.13333333333333,5,2,0.13333333333333333,0.21212121212121213,2,Lipid,5998630.817579357,39072994.64221544,6.513652170043474,2.7034666816694095,0.0038671355999883974,0.006774485735657027,Upregulated,Biosynthesis of secondary metabolites
Feature1615,L-Pyroglutamic acid,C5 H7 N O3,129.0426,Metabolic pathways;Biosynthesis of secondary metabolites;Other,Superpathway of butirocin biosynthesis;Other,L-Pyroglutamic acid-peak1,5,7,3,1,0,0,1.4,0.6,0.3999999999999999,48.9,3,0,-1,0.2,-1,Lignin,69136007.62850411,320081137.29752713,4.629731282972735,2.2109284595820324,2.9277316192896306e-6,8.103884580190579e-6,Upregulated,Biosynthesis of secondary metabolites
Feature1612,Diethylpyrocarbonate,C6 H10 O5,162.05285,Metabolic pathways;Biosynthesis of secondary metabolites;Microbial metabolism in diverse environments;Other,Superpathway of butirocin biosynthesis;Kanamycin biosynthesis;Superpathway of neomycin biosynthesis;Other,Diethylpyrocarbonate,6,10,5,0,0,0,1.6666666666666667,0.8333333333333334,0,60.3,2,-3,-3,-0.14285714285714285,-3,Carbohydrate,56673987.70181506,153864705.20282564,2.7149087516546486,1.4409037097248196,9.386328731491628e-6,2.3591158562532372e-5,Upregulated,Biosynthesis of secondary metabolites
Feature1587,8-{3-Oxo-2-[(2E)-2-penten-1-yl]-1-cyclopenten-1-yl}octanoic acid,C18 H28 O3,292.20378,Metabolic pathways;Biosynthesis of secondary metabolites;Other,Superpathway of lipoxygenase,8-{3-Oxo-2-[(2E)-2-penten-1-yl]-1-cyclopenten-1-yl}octanoic acid-peak2,18,28,3,0,0,0,1.5555555555555556,0.16666666666666666,-1.2222222222222223,95.13333333333333,5,2,0.13333333333333333,0.21212121212121213,2,Lipid,1455998.2863344646,30164208.40303794,20.71720048447143,4.372757159685845,0.007224661489334842,0.012226350212720501,Upregulated,Biosynthesis of secondary metabolites
Feature1579,(+)-Piperitol,C20 H20 O6,356.12609,Metabolic pathways;Biosynthesis of secondary metabolites;Biosynthesis of various plant secondary metabolites;Other,Other,(+)-Piperitol,20,20,6,0,0,0,1,0.3,-0.4000000000000003,71.7,11,5,0.35714285714285715,0.4705882352941176,5,Lignin,707484.0479182568,984960.3807791196,1.39220153963517,0.4773680755440312,0.019170257965549994,0.030665171854241443,Upregulated,Biosynthesis of secondary metabolites
Feature1551,"4-methoxy-6-(prop-2-en-1-yl)-2H-1,3-benzodioxole",C11 H12 O3,192.07866,Biosynthesis of secondary metabolites;Microbial metabolism in diverse environments;Phenylpropanoid biosynthesis;Other,NA,"4-methoxy-6-(prop-2-en-1-yl)-2H-1,3-benzodioxole-peak8",11,12,3,0,0,0,1.0909090909090908,0.2727272727272727,-0.5454545454545459,75.84545454545456,6,3,0.375,0.47368421052631576,3,Lignin,668278.4871259393,1072298.9878525184,1.6045690659056635,0.6821858892738969,0.019437484445434194,0.030975633725837746,Upregulated,Biosynthesis of secondary metabolites
Feature1518,"DL-2,6-Diaminopimelic acid",C7 H14 N2 O4,190.09538,Metabolic pathways;Biosynthesis of secondary metabolites;Microbial metabolism in diverse environments;Biosynthesis of amino acids;Other,Other,"DL-2,6-Diaminopimelic acid",7,14,4,2,0,0,2,0.5714285714285714,0,60.3,2,-2,-4,-0.6666666666666666,-4,Amino Sugar,37920641.539470606,57139294.18211171,1.5068124341366143,0.5914998434903354,1.4173099768400574e-4,3.0011538759588214e-4,Upregulated,Biosynthesis of secondary metabolites
Feature1515,Methionine,C5 H11 N O2 S,149.05106,Metabolic pathways;Biosynthesis of secondary metabolites;Biosynthesis of cofactors;Biosynthesis of amino acids;2-Oxocarboxylic acid metabolism;Biosynthesis of plant secondary metabolites;ABC transporters;Biosynthesis of various plant secondary metabolites;Other,Superpathway of butirocin biosynthesis;Other,Methionine,5,11,2,1,1,0,2.2,0.4,-0.4000000000000003,71.7,1,-1,-3,-1,-3,Protein,38865431.670073174,137175534.57202947,3.52949983256345,1.81946375284311,1.1198672807428024e-8,5.197411434461116e-8,Upregulated,Biosynthesis of secondary metabolites
Feature1514,L-Aspartic acid,C4 H7 N O4,133.03749,Metabolic pathways;Biosynthesis of secondary metabolites;Microbial metabolism in diverse environments;Biosynthesis of cofactors;Biosynthesis of amino acids;2-Oxocarboxylic acid metabolism;Biosynthesis of plant secondary metabolites;ABC transporters;Biosynthesis of various plant secondary metabolites;Other,Superpathway of L-isoleucine biosynthesis I;Superpathway of indole-3-acetate conjugate biosynthesis;Superpathway of purine nucleotide salvage;Other,L-Aspartic acid,4,7,4,1,0,0,1.75,1,1,31.799999999999997,2,-2,3,-1,-3,Carbohydrate,119244864.87443581,173019319.17946976,1.4509582392638722,0.5370059970932027,0.0018945529266311237,0.0034398420768629407,Upregulated,Biosynthesis of secondary metabolites
Feature1503,Î²-Glycerophosphate,C3 H9 O6 P,172.01368,Metabolic pathways;Biosynthesis of secondary metabolites;ABC transporters;Other,Other,Î²-Glycerophosphate,3,9,6,0,0,1,3,2,-0.666666666666667,79.30000000000001,0,-6,1.75,4,-7,Other,19034257.804288894,126737195.79489373,6.658373396956758,2.735169778082954,2.0008032076707475e-6,5.677320994630228e-6,Upregulated,Biosynthesis of secondary metabolites
Feature1492,3-oxovaleric acid,C5 H8 O3,116.04731,Metabolic pathways;Biosynthesis of secondary metabolites;Microbial metabolism in diverse environments;Biosynthesis of cofactors;Biosynthesis of amino acids;2-Oxocarboxylic acid metabolism;Lysine degradation;Other,Superpathway of L-lysine degradation;Superpathway of branched chain amino acid biosynthesis;Other,3-oxovaleric acid-peak5,5,8,3,0,0,0,1.6,0.6,-0.4000000000000003,71.7,2,-1,-0.5,0.14285714285714285,-1,Amino Sugar,54465024.16528228,144334047.36523214,2.650031824593134,1.406009685301121,1.2588217214092234e-9,8.166775947729595e-9,Upregulated,Biosynthesis of secondary metabolites
Feature1485,Isoferulic acid,C10 H10 O4,194.05792,Metabolic pathways;Biosynthesis of secondary metabolites;Phenylpropanoid biosynthesis;Biosynthesis of phenylpropanoids,Superpathway of scopolin and esculin biosynthesis;Other,Isoferulic acid,10,10,4,0,0,0,1,0.4,-0.20000000000000015,66,6,2,0.3333333333333333,0.5,2,Lignin,1265227.5813501203,124998250.06383066,98.7950720537134,6.626367176161083,0.0010256633529889582,0.0019326737708156786,Upregulated,Biosynthesis of secondary metabolites
Feature1479,Methylglutaric acid,C6 H10 O4,146.05791,Metabolic pathways;Biosynthesis of secondary metabolites;Microbial metabolism in diverse environments;Degradation of aromatic compounds;Biosynthesis of cofactors;Biosynthesis of amino acids;2-Oxocarboxylic acid metabolism;Aminobenzoate degradation;Other,Superpathway of branched chain amino acid biosynthesis;Superpathway of L-threonine metabolism;Superpathway of L-isoleucine biosynthesis I;Other,Methylglutaric acid,6,10,4,0,0,0,1.6666666666666667,0.6666666666666666,-0.33333333333333304,69.79999999999998,2,-2,-1,0,-2,Amino Sugar,28594863.54011546,151186836.1681932,5.287202575948461,2.402504603760161,2.5272140207875224e-8,1.0865737439629602e-7,Upregulated,Biosynthesis of secondary metabolites
Feature1470,Crotonic acid,C4 H6 O2,86.03679,Biosynthesis of secondary metabolites;Microbial metabolism in diverse environments;Aminobenzoate degradation;Other,Other,Crotonic acid-peak6,4,6,2,0,0,0,1.5,0.5,-0.5,74.55,2,0,0,0.3333333333333333,0,Protein,60981128.433624215,93617376.49150048,1.5351860304356233,0.6184134887714225,0.008933469755828913,0.014865714898206463,Upregulated,Biosynthesis of secondary metabolites
Feature1466,DL-Mevalonic acid,C6 H12 O4,148.07354,Metabolic pathways;Biosynthesis of secondary metabolites;Biosynthesis of cofactors;Biosynthesis of amino acids;2-Oxocarboxylic acid metabolism;Biosynthesis of plant secondary metabolites;Other,Superpathway of branched chain amino acid biosynthesis;Superpathway of L-threonine metabolism;Superpathway of L-isoleucine biosynthesis I;Other,DL-Mevalonic acid,6,12,4,0,0,0,2,0.6666666666666666,-0.666666666666667,79.30000000000001,1,-3,-1.5,-0.25,-3,Amino Sugar,8442418.125423176,110975528.7434401,13.144993187349087,3.7164414891384725,1.7610927007146969e-9,1.0654610839323915e-8,Upregulated,Biosynthesis of secondary metabolites
Feature1461,Meconin,C10 H10 O4,194.05788,Metabolic pathways;Biosynthesis of secondary metabolites;Phenylpropanoid biosynthesis;Biosynthesis of phenylpropanoids,Superpathway of scopolin and esculin biosynthesis;Other,Meconin-peak2,10,10,4,0,0,0,1,0.4,-0.20000000000000015,66,6,2,0.3333333333333333,0.5,2,Lignin,796595.1076275683,8312396.460838735,10.434907748297427,3.383345941033206,0.004474959058888159,0.007790935915474349,Upregulated,Biosynthesis of secondary metabolites
Feature1459,L-Threonine,C4 H9 N O3,119.05821,Metabolic pathways;Biosynthesis of secondary metabolites;Microbial metabolism in diverse environments;Biosynthesis of amino acids;Biosynthesis of plant secondary metabolites;ABC transporters;Other,Superpathway of branched chain amino acid biosynthesis;Superpathway of L-threonine metabolism;Superpathway of L-isoleucine biosynthesis I;Other,L-Threonine,4,9,3,1,0,0,2.25,0.75,0,60.3,1,-2,-Inf,-1,-3,Carbohydrate,107771662.72606142,139576437.88898867,1.2951125960055936,0.3730775300642743,0.0018320951208748407,0.0033335866109151235,Upregulated,Biosynthesis of secondary metabolites
Feature1455,Cantharidin,C10 H12 O4,196.07357,Metabolic pathways;Biosynthesis of secondary metabolites;Microbial metabolism in diverse environments;Degradation of aromatic compounds;Phenylpropanoid biosynthesis;Other,Other,Cantharidin,10,12,4,0,0,0,1.2,0.4,-0.4000000000000003,71.7,5,1,0.16666666666666666,0.375,1,Lignin,1574210.686988937,98968437.21434356,62.868609667264366,5.97426795330639,4.920659042290917e-4,9.749235576188087e-4,Upregulated,Biosynthesis of secondary metabolites
Feature1446,3-oxovaleric acid,C5 H8 O3,116.04731,Metabolic pathways;Biosynthesis of secondary metabolites;Microbial metabolism in diverse environments;Biosynthesis of cofactors;Biosynthesis of amino acids;2-Oxocarboxylic acid metabolism;Lysine degradation;Other,Superpathway of L-lysine degradation;Superpathway of branched chain amino acid biosynthesis;Other,3-oxovaleric acid-peak4,5,8,3,0,0,0,1.6,0.6,-0.4000000000000003,71.7,2,-1,-0.5,0.14285714285714285,-1,Amino Sugar,40842100.93787673,78071535.07127838,1.911545519904322,0.9347395556830511,1.7056285133947043e-4,3.5626815064002825e-4,Upregulated,Biosynthesis of secondary metabolites
Feature1445,N-Acetyltyramine,C10 H13 N O2,179.09456,"Metabolic pathways;Biosynthesis of secondary metabolites;2-Oxocarboxylic acid metabolism;Biosynthesis of alkaloids derived from shikimate pathway;Phenylalanine, tyrosine and tryptophan biosynthesis;Other",NA,N-Acetyltyramine-peak2,10,13,2,1,0,0,1.3,0.2,-0.5999999999999996,77.39999999999999,5,3,0.2857142857142857,0.375,2,Lignin,90579389.55035023,112465649.61705683,1.2416251663358884,0.3122297047285502,6.558861902826192e-6,1.6911281679433137e-5,Upregulated,Biosynthesis of secondary metabolites
Feature1441,8-{3-Oxo-2-[(2E)-2-penten-1-yl]-1-cyclopenten-1-yl}octanoic acid,C18 H28 O3,292.20371,Metabolic pathways;Biosynthesis of secondary metabolites;Other,Superpathway of lipoxygenase,8-{3-Oxo-2-[(2E)-2-penten-1-yl]-1-cyclopenten-1-yl}octanoic acid-peak1,18,28,3,0,0,0,1.5555555555555556,0.16666666666666666,-1.2222222222222223,95.13333333333333,5,2,0.13333333333333333,0.21212121212121213,2,Lipid,2600615.2469039676,15581586.81761589,5.991500217560352,2.582917286059854,0.0088197994086891,0.01469099331201508,Upregulated,Biosynthesis of secondary metabolites
Feature1437,L-Lysine,C6 H14 N2 O2,146.10554,Metabolic pathways;Biosynthesis of secondary metabolites;Microbial metabolism in diverse environments;Biosynthesis of amino acids;2-Oxocarboxylic acid metabolism;Biosynthesis of plant secondary metabolites;ABC transporters;Lysine degradation;Other,Superpathway of L-lysine degradation;Other,L-Lysine,6,14,2,2,0,0,2.3333333333333335,0.3333333333333333,-0.666666666666667,79.30000000000001,1,-1,-1.5,-0.6666666666666666,-3,Other,42446495.311219305,83654999.07507543,1.9708340691431372,0.9788063163603685,1.8474212549778946e-9,1.1097629808271466e-8,Upregulated,Biosynthesis of secondary metabolites
Feature1428,acetoacetic acid,C4 H6 O3,102.03166,Metabolic pathways;Biosynthesis of secondary metabolites;Microbial metabolism in diverse environments;Biosynthesis of amino acids;2-Oxocarboxylic acid metabolism;Tyrosine metabolism;Lysine degradation;Other,Superpathway of L-lysine degradation;Superpathway of branched chain amino acid biosynthesis;Superpathway of L-threonine metabolism;Superpathway of L-isoleucine biosynthesis I;Other,acetoacetic acid-peak3,4,6,3,0,0,0,1.5,0.75,0,60.3,2,-1,-1,0.2,-1,Carbohydrate,89260035.64092597,114854492.24280457,1.2867403807101268,0.36372099742405134,0.001966827117720277,0.003567243187813864,Upregulated,Biosynthesis of secondary metabolites
Feature1415,"9S,13R-12-Oxophytodienoic acid",C18 H28 O3,292.20376,Metabolic pathways;Biosynthesis of secondary metabolites;Other,Superpathway of lipoxygenase,"9S,13R-12-Oxophytodienoic acid",18,28,3,0,0,0,1.5555555555555556,0.16666666666666666,-1.2222222222222223,95.13333333333333,5,2,0.13333333333333333,0.21212121212121213,2,Lipid,10764538.162401315,19815362.08641225,1.8408000220226737,0.8803329059345283,0.009154103529664701,0.01520299154828628,Upregulated,Biosynthesis of secondary metabolites
Feature1409,Caffeic acid,C9 H8 O4,180.04227,"Metabolic pathways;Biosynthesis of secondary metabolites;Microbial metabolism in diverse environments;Degradation of aromatic compounds;Biosynthesis of cofactors;Biosynthesis of amino acids;2-Oxocarboxylic acid metabolism;Biosynthesis of plant secondary metabolites;Phenylpropanoid biosynthesis;Biosynthesis of phenylpropanoids;Biosynthesis of alkaloids derived from shikimate pathway;Biosynthesis of various antibiotics;Phenylalanine metabolism;Tyrosine metabolism;Phenylalanine, tyrosine and tryptophan biosynthesis;Other",Superpathway of chorismate metabolism;Superpathway of scopolin and esculin biosynthesis;Superpathway of aromatic amino acid biosynthesis;Superpathway of 4-hydroxybenzoate biosynthesis (yeast);Other,Caffeic acid-peak2,9,8,4,0,0,0,0.8888888888888888,0.4444444444444444,0,60.3,6,2,0.4,0.5714285714285714,2,Lignin,526303.8300812687,66513128.728993416,126.37781624869204,6.981599431796198,2.3877521124728783e-5,5.6334987166142836e-5,Upregulated,Biosynthesis of secondary metabolites
Feature1394,"4-({4-[(2,4-Dihydroxy-3,6-dimethylbenzoyl)oxy]-2-methoxy-3,5,6-trimethylbenzoyl}oxy)-2-methoxy-3,5,6-trimethylbenzoic acid",C31 H34 O10,566.21537,Biosynthesis of secondary metabolites;Other,NA,"4-({4-[(2,4-Dihydroxy-3,6-dimethylbenzoyl)oxy]-2-methoxy-3,5,6-trimethylbenzoyl}oxy)-2-methoxy-3,5,6-trimethylbenzoic acid-peak1",31,34,10,0,0,0,1.096774193548387,0.3225806451612903,-0.4516129032258061,73.17096774193547,15,5,0.23809523809523808,0.38461538461538464,5,Lignin,503385.1984926471,711851.4306719686,1.4141286490019165,0.49991337391985413,0.030166418686259012,0.04637197210029289,Upregulated,Biosynthesis of secondary metabolites
Feature1393,(4S)-4-Hydroxy-4-methyltetrahydro-2H-pyran-2-one,C6 H10 O3,130.06296,Metabolic pathways;Biosynthesis of secondary metabolites;Microbial metabolism in diverse environments;Degradation of aromatic compounds;Biosynthesis of amino acids;2-Oxocarboxylic acid metabolism;Other,Superpathway of branched chain amino acid biosynthesis;Superpathway of L-threonine metabolism;Superpathway of L-isoleucine biosynthesis I,(4S)-4-Hydroxy-4-methyltetrahydro-2H-pyran-2-one-peak6,6,10,3,0,0,0,1.6666666666666667,0.5,-0.666666666666667,79.30000000000001,2,-1,-0.3333333333333333,0.1111111111111111,-1,Protein,7708804.6077108905,101906072.50269285,13.219439029594705,3.7245890518847684,1.2847685464527066e-10,1.1218545967478787e-9,Upregulated,Biosynthesis of secondary metabolites
Feature1326,"hexahydro-2-oxo-1h-thieno(3,4-d)imidazole-4-pentanoic acid",C10 H16 N2 O3 S,244.08813,Metabolic pathways;Biosynthesis of secondary metabolites;Biosynthesis of cofactors;ABC transporters;Other,Other,"hexahydro-2-oxo-1h-thieno(3,4-d)imidazole-4-pentanoic acid",10,16,3,2,1,0,1.6,0.3,-0.20000000000000015,66,4,1,-0.5,-0.09090909090909093,-2,Lipid,58292916.20622515,80727149.18259725,1.3848535025594813,0.4697333681087674,4.611943689411982e-6,1.220723845291234e-5,Upregulated,Biosynthesis of secondary metabolites
Feature1325,L-Cystathionine,C7 H14 N2 O4 S,222.06742,Metabolic pathways;Biosynthesis of secondary metabolites;Biosynthesis of cofactors;Biosynthesis of amino acids;Other,Other,L-Cystathionine,7,14,4,2,1,0,2,0.5714285714285714,0.2857142857142856,52.15714285714286,2,-2,-Inf,-1.5,-5,Amino Sugar,3529001.7573596714,49616217.75115317,14.059561644501711,3.81347970898755,4.309419829599692e-9,2.288450530201216e-8,Upregulated,Biosynthesis of secondary metabolites
Feature1317,Nojirimycin,C6 H13 N O5,179.0794,Metabolic pathways;Biosynthesis of secondary metabolites;Biosynthesis of various antibiotics;Other,Other,Nojirimycin-peak2,6,13,5,1,0,0,2.1666666666666665,0.8333333333333334,0,60.3,1,-4,-Inf,-1,-5,Carbohydrate,7664927.839036213,21674346.541000675,2.827730018620241,1.4996443834460464,7.794005663961796e-6,1.9794671056598622e-5,Upregulated,Biosynthesis of secondary metabolites
Feature1307,"4-methoxy-6-(prop-2-en-1-yl)-2H-1,3-benzodioxole",C11 H12 O3,192.07866,Biosynthesis of secondary metabolites;Microbial metabolism in diverse environments;Phenylpropanoid biosynthesis;Other,NA,"4-methoxy-6-(prop-2-en-1-yl)-2H-1,3-benzodioxole-peak3",11,12,3,0,0,0,1.0909090909090908,0.2727272727272727,-0.5454545454545459,75.84545454545456,6,3,0.375,0.47368421052631576,3,Lignin,831264.576010421,1571902.016561472,1.8909767863628608,0.9191316528673975,0.019377903323284096,0.030909762928100996,Upregulated,Biosynthesis of secondary metabolites
Feature1300,Crotonic acid,C4 H6 O2,86.03679,Biosynthesis of secondary metabolites;Microbial metabolism in diverse environments;Aminobenzoate degradation;Other,Other,Crotonic acid-peak5,4,6,2,0,0,0,1.5,0.5,-0.5,74.55,2,0,0,0.3333333333333333,0,Protein,28787818.480134014,50316763.57812643,1.7478491332314456,0.8055806630238286,1.047842963915796e-5,2.6258076640138438e-5,Upregulated,Biosynthesis of secondary metabolites
Feature1297,α-Linolenic acid,C18 H30 O2,278.22444,Metabolic pathways;Biosynthesis of secondary metabolites;Biosynthesis of plant secondary metabolites;Other,Superpathway of lipoxygenase,α-Linolenic acid,18,30,2,0,0,0,1.6666666666666667,0.1111111111111111,-1.4444444444444446,101.46666666666668,4,2,0.125,0.17647058823529413,2,Lipid,5237313.618236322,21170402.603476826,4.042225489373312,2.01514980250116,0.006892282986272512,0.011698925229204044,Upregulated,Biosynthesis of secondary metabolites
Feature1275,(4S)-4-Hydroxy-4-methyltetrahydro-2H-pyran-2-one,C6 H10 O3,130.06297,Metabolic pathways;Biosynthesis of secondary metabolites;Microbial metabolism in diverse environments;Degradation of aromatic compounds;Biosynthesis of amino acids;2-Oxocarboxylic acid metabolism;Other,Superpathway of branched chain amino acid biosynthesis;Superpathway of L-threonine metabolism;Superpathway of L-isoleucine biosynthesis I,(4S)-4-Hydroxy-4-methyltetrahydro-2H-pyran-2-one-peak5,6,10,3,0,0,0,1.6666666666666667,0.5,-0.666666666666667,79.30000000000001,2,-1,-0.3333333333333333,0.1111111111111111,-1,Protein,1125965.287754916,61063145.732887976,54.231819041813424,5.7610676568796215,5.655971888946993e-14,1.474033289211724e-12,Upregulated,Biosynthesis of secondary metabolites
Feature1247,"1D-myo-Inositol 1,2-cyclic phosphate",C6 H11 O8 P,242.01913,"Metabolic pathways;Biosynthesis of secondary metabolites;Phenylalanine, tyrosine and tryptophan biosynthesis",Other,"1D-myo-Inositol 1,2-cyclic phosphate",6,11,8,0,0,1,1.8333333333333333,1.3333333333333333,0,60.3,2,-6,2.3333333333333335,-3,-7,Carbohydrate,8942851.796816876,15865495.956647307,1.7740980525132353,0.827085748063639,0.021010055724811266,0.03331807367378053,Upregulated,Biosynthesis of secondary metabolites
Feature1241,(-)-Caryophyllene oxide,C15 H24 O,220.1827,Biosynthesis of secondary metabolites;Other,Other,(-)-Caryophyllene oxide-peak2,15,24,1,0,0,0,1.6,0.06666666666666667,-1.4666666666666668,102.1,4,3,0.21428571428571427,0.2413793103448276,3,Lipid,808197.6219618502,57290671.84508865,70.88695918953468,6.147448339516552,1.3280154536174345e-9,8.521432494045204e-9,Upregulated,Biosynthesis of secondary metabolites
Feature1230,"(2Z,4E)-2,4-Pentadecadienal",C15 H26 O,222.19833,Metabolic pathways;Biosynthesis of secondary metabolites;Other,NA,"(2Z,4E)-2,4-Pentadecadienal",15,26,1,0,0,0,1.7333333333333334,0.06666666666666667,-1.5999999999999996,105.89999999999998,3,2,0.14285714285714285,0.1724137931034483,2,Lipid,918429.8299184476,34398644.77790457,37.45375384960984,5.2270384167439286,1.428677650142491e-5,3.472281118136843e-5,Upregulated,Biosynthesis of secondary metabolites
Feature1209,10-Deoxymethymycin,C25 H43 N O6,453.30918,Metabolic pathways;Biosynthesis of secondary metabolites;Other,NA,10-Deoxymethymycin,25,43,6,1,0,0,1.72,0.24,-1.12,92.22,5,-1,-0.1111111111111111,0.04761904761904761,-2,Lipid,1112975.8561288752,1540037.8342290982,1.3837118080760704,0.4685434976321948,0.024841472218887974,0.03885637482806669,Upregulated,Biosynthesis of secondary metabolites
Feature1202,"(E,E)-alpha-Farnesene",C15 H24,204.18778,Metabolic pathways;Biosynthesis of secondary metabolites;Biosynthesis of various antibiotics;Other,Other,"(E,E)-alpha-Farnesene",15,24,0,0,0,0,1.6,0,-1.5999999999999996,105.89999999999998,4,4,0.26666666666666666,0.26666666666666666,4,Lipid,607825.2686992972,31619247.234376952,52.02029080172973,5.701002559086389,1.5752832822456104e-5,3.806747332559292e-5,Upregulated,Biosynthesis of secondary metabolites
Feature1188,UNII:74D1OHC38H,C19 H32 O4,324.23008,Metabolic pathways;Biosynthesis of secondary metabolites;Other,NA,UNII:74D1OHC38H-peak2,19,32,4,0,0,0,1.6842105263157894,0.21052631578947367,-1.2631578947368425,96.3,4,0,0,0.1176470588235294,0,Lipid,1932075.100140408,8177328.1647119,4.23240699293606,2.081478365272904,0.0062279988934249,0.010624602341854765,Upregulated,Biosynthesis of secondary metabolites
Feature1180,1-Monopropionin,C6 H12 O4,148.07358,Metabolic pathways;Biosynthesis of secondary metabolites;Biosynthesis of cofactors;Biosynthesis of amino acids;2-Oxocarboxylic acid metabolism;Biosynthesis of plant secondary metabolites;Other,Superpathway of branched chain amino acid biosynthesis;Superpathway of L-threonine metabolism;Superpathway of L-isoleucine biosynthesis I;Other,1-Monopropionin-peak1,6,12,4,0,0,0,2,0.6666666666666666,-0.666666666666667,79.30000000000001,1,-3,-1.5,-0.25,-3,Amino Sugar,947590.5012844291,10071310.083554816,10.628335836950109,3.4098438152058703,7.881328683479248e-7,2.458742318566086e-6,Upregulated,Biosynthesis of secondary metabolites
Feature1168,Apocynin,C9 H10 O3,166.06303,Metabolic pathways;Biosynthesis of secondary metabolites;Microbial metabolism in diverse environments;Degradation of aromatic compounds;Phenylpropanoid biosynthesis;Biosynthesis of various plant secondary metabolites;Phenylalanine metabolism;Tyrosine metabolism;Other,Other,Apocynin-peak2,9,10,3,0,0,0,1.1111111111111112,0.3333333333333333,-0.44444444444444464,72.96666666666667,5,2,0.3333333333333333,0.4666666666666667,2,Lignin,1516501.0102303769,2304457.222432588,1.519588320012072,0.6036805281938694,0.0030869849386485288,0.005464318167262913,Upregulated,Biosynthesis of secondary metabolites
Feature1152,Pipecolic acid,C6 H11 N O2,129.07895,Metabolic pathways;Biosynthesis of secondary metabolites;Biosynthesis of plant secondary metabolites;Lysine degradation;Other,Superpathway of L-lysine degradation,Pipecolic acid-peak1,6,11,2,1,0,0,1.8333333333333333,0.3333333333333333,-0.666666666666667,79.30000000000001,2,0,-0.3333333333333333,0,-1,Protein,778625.0037847565,13217143.913794547,16.974980060424954,4.085337974703883,1.7928188372860088e-5,4.283547405306768e-5,Upregulated,Biosynthesis of secondary metabolites
Feature1129,2805789,C9 H11 N O3,181.07391,"Metabolic pathways;Biosynthesis of secondary metabolites;Biosynthesis of cofactors;Biosynthesis of amino acids;2-Oxocarboxylic acid metabolism;Biosynthesis of plant secondary metabolites;Phenylpropanoid biosynthesis;Biosynthesis of alkaloids derived from shikimate pathway;Biosynthesis of various plant secondary metabolites;Biosynthesis of various antibiotics;Phenylalanine metabolism;Tyrosine metabolism;Phenylalanine, tyrosine and tryptophan biosynthesis;Other",Superpathway of chorismate metabolism;Superpathway of aromatic amino acid biosynthesis;Superpathway of 4-hydroxybenzoate biosynthesis (yeast);Other,2805789,9,11,3,1,0,0,1.2222222222222223,0.3333333333333333,-0.22222222222222232,66.63333333333333,5,2,0.2,0.38461538461538464,1,Lignin,31017327.438214332,40421795.550248556,1.303200465313063,0.38205902409633286,1.0091175083350504e-6,3.063521611325404e-6,Upregulated,Biosynthesis of secondary metabolites
Feature1086,Crotonic acid,C4 H6 O2,86.03679,Biosynthesis of secondary metabolites;Microbial metabolism in diverse environments;Aminobenzoate degradation;Other,Other,Crotonic acid-peak4,4,6,2,0,0,0,1.5,0.5,-0.5,74.55,2,0,0,0.3333333333333333,0,Protein,18393073.705784902,29960900.08184526,1.6289229609525298,0.7039183739801014,1.0927097000732201e-4,2.3520333315426111e-4,Upregulated,Biosynthesis of secondary metabolites
Feature1064,3-Methoxy-4-hydroxyhippuric acid,C10 H11 N O5,225.06372,Metabolic pathways;Biosynthesis of secondary metabolites;Biosynthesis of cofactors;Other,Superpathway of chorismate metabolism;Other,3-Methoxy-4-hydroxyhippuric acid-peak2,10,11,5,1,0,0,1.1,0.5,0.20000000000000015,54.599999999999994,6,1,0,0.38461538461538464,0,Lignin,14873096.10616132,34057163.80022876,2.289850314765347,1.1952532938664127,7.258460905466088e-14,1.8082107020381694e-12,Upregulated,Biosynthesis of secondary metabolites
Feature1039,4-Oxo-4-(3-pyridyl)butyric acid,C9 H9 N O3,179.05826,Metabolic pathways;Biosynthesis of secondary metabolites;Microbial metabolism in diverse environments;Biosynthesis of alkaloids derived from shikimate pathway;Other,Other,4-Oxo-4-(3-pyridyl)butyric acid,9,9,3,1,0,0,1,0.3333333333333333,0,60.3,6,3,0.4,0.5384615384615384,2,Lignin,22454277.140490405,28729331.967625592,1.2794592223064607,0.3555341679215398,1.4463907531423704e-6,4.2390760135349055e-06,Upregulated,Biosynthesis of secondary metabolites
Feature1037,Pyridoxal,C8 H9 N O3,167.05826,Metabolic pathways;Biosynthesis of secondary metabolites;Microbial metabolism in diverse environments;Biosynthesis of cofactors;Other,Other,Pyridoxal-peak4,8,9,3,1,0,0,1.125,0.375,0,60.3,5,2,0.25,0.4545454545454546,1,Lignin,17450688.39670054,25066712.04406748,1.4364311294909677,0.5224888236927676,1.450689783190841e-4,3.0665887747854996e-4,Upregulated,Biosynthesis of secondary metabolites
Feature1035,Alanylclavam,C8 H12 N2 O4,200.0797,Metabolic pathways;Biosynthesis of secondary metabolites;Other,NA,Alanylclavam-peak2,8,12,4,2,0,0,1.5,0.5,0.25,53.175,4,0,-1,0,-2,Protein,4584843.243389916,16366476.607948663,3.569691642466648,1.8357994565799034,3.665579065582594e-5,8.482911116252615e-5,Upregulated,Biosynthesis of secondary metabolites
Feature1004,Perillartine,C10 H15 N O,165.11539,Metabolic pathways;Biosynthesis of secondary metabolites;Biosynthesis of alkaloids derived from shikimate pathway;Tyrosine metabolism;Other,NA,Perillartine,10,15,1,1,0,0,1.5,0.1,-1,88.8,4,3,0.25,0.29411764705882354,2,Lipid,478925.6899392986,28898757.75583245,60.34079683529864,5.915061843124434,3.487257006140022e-11,3.5586827520489145e-10,Upregulated,Biosynthesis of secondary metabolites
Feature0987,"3',4'-Dimethoxyacetophenone",C10 H12 O3,180.07865,Metabolic pathways;Biosynthesis of secondary metabolites;Phenylpropanoid biosynthesis;Biosynthesis of phenylpropanoids;Biosynthesis of various plant secondary metabolites;Other,NA,"3',4'-Dimethoxyacetophenone-peak1",10,12,3,0,0,0,1.2,0.3,-0.5999999999999996,77.39999999999999,5,2,0.2857142857142857,0.4117647058823529,2,Lignin,770575.5561381611,18040604.02137222,23.411856082984304,4.54916741018172,6.561007829405947e-7,2.0813384387666057e-6,Upregulated,Biosynthesis of secondary metabolites
Feature0973,"2-(3-CARBOXYPROPIONYL)-6-HYDROXY-CYCLOHEXA-2,4-DIENE CARBOXYLIC ACID",C11 H12 O6,240.06344000000001,Metabolic pathways;Biosynthesis of secondary metabolites;Biosynthesis of cofactors;Other,Superpathway of chorismate metabolism;Other,"2-(3-CARBOXYPROPIONYL)-6-HYDROXY-CYCLOHEXA-2,4-DIENE CARBOXYLIC ACID",11,12,6,0,0,0,1.0909090909090908,0.5454545454545454,0,60.3,6,0,0,0.375,0,Lignin,13093355.245191379,21579672.693062913,1.648139249944218,0.7208381398008596,2.845853382052977e-5,6.640324558123613e-5,Upregulated,Biosynthesis of secondary metabolites
Feature0961,afegostat,C6 H13 N O3,147.08956,Biosynthesis of secondary metabolites;Other,Superpathway of linamarin and lotaustralin biosynthesis,afegostat-peak3,6,13,3,1,0,0,2.1666666666666665,0.5,-0.666666666666667,79.30000000000001,1,-2,-1.5,-0.42857142857142855,-3,Protein,1240867.660240073,26216163.664186567,21.12728416108006,4.401035420647594,2.919856613918079e-11,3.091398189985766e-10,Upregulated,Biosynthesis of secondary metabolites
Feature0944,(4S)-4-Hydroxy-4-methyltetrahydro-2H-pyran-2-one,C6 H10 O3,130.06295,Metabolic pathways;Biosynthesis of secondary metabolites;Microbial metabolism in diverse environments;Degradation of aromatic compounds;Biosynthesis of amino acids;2-Oxocarboxylic acid metabolism;Other,Superpathway of branched chain amino acid biosynthesis;Superpathway of L-threonine metabolism;Superpathway of L-isoleucine biosynthesis I,(4S)-4-Hydroxy-4-methyltetrahydro-2H-pyran-2-one-peak3,6,10,3,0,0,0,1.6666666666666667,0.5,-0.666666666666667,79.30000000000001,2,-1,-0.3333333333333333,0.1111111111111111,-1,Protein,1543743.0739251785,3153588.388760114,2.042819457477262,1.0305617056316698,0.010066794651770237,0.01658866745145796,Upregulated,Biosynthesis of secondary metabolites
Feature0935,Crotonic acid,C4 H6 O2,86.0368,Biosynthesis of secondary metabolites;Microbial metabolism in diverse environments;Aminobenzoate degradation;Other,Other,Crotonic acid-peak2,4,6,2,0,0,0,1.5,0.5,-0.5,74.55,2,0,0,0.3333333333333333,0,Protein,5820463.737024202,15179441.015811112,2.6079435766009644,1.382912656900837,6.506848296936067e-4,0.0012626118001156583,Upregulated,Biosynthesis of secondary metabolites
Feature0932,Crotonic acid,C4 H6 O2,86.0368,Biosynthesis of secondary metabolites;Microbial metabolism in diverse environments;Aminobenzoate degradation;Other,Other,Crotonic acid-peak1,4,6,2,0,0,0,1.5,0.5,-0.5,74.55,2,0,0,0.3333333333333333,0,Protein,664492.2584233956,17812694.03432108,26.806473376505974,4.744509527677211,7.528869085078986e-11,7.085502350068779e-10,Upregulated,Biosynthesis of secondary metabolites
Feature0930,5-Deoxy-5-aminoshikimic acid,C7 H11 N O4,173.06882,Metabolic pathways;Biosynthesis of secondary metabolites;Biosynthesis of amino acids;2-Oxocarboxylic acid metabolism;Other,Other,5-Deoxy-5-aminoshikimic acid-peak2,7,11,4,1,0,0,1.5714285714285714,0.5714285714285714,0,60.3,3,-1,-1,0,-2,Amino Sugar,617594.1370751013,1926402.5532384687,3.119204729439024,1.641178247310694,1.5830036637860192e-12,2.5061758938817912e-11,Upregulated,Biosynthesis of secondary metabolites
Feature0874,Azobenzene,C12 H10 N2,182.08443,Biosynthesis of secondary metabolites;Biosynthesis of alkaloids derived from shikimate pathway;Other,NA,Azobenzene-peak1,12,10,0,2,0,0,0.8333333333333334,0,-0.33333333333333304,69.79999999999998,9,9,0.7,0.7,7,Unsaturated HC,1950484.927598776,6470398.3979360955,3.317328068718656,1.7300216951856087,6.094175475010998e-4,0.0011879785103185996,Upregulated,Biosynthesis of secondary metabolites
Feature0862,6-Aminocaproic acid,C6 H13 N O2,131.09459,Metabolic pathways;Biosynthesis of secondary metabolites;Microbial metabolism in diverse environments;Biosynthesis of amino acids;2-Oxocarboxylic acid metabolism;Biosynthesis of plant secondary metabolites;ABC transporters;Other,Superpathway of branched chain amino acid biosynthesis;Superpathway of jasmonoyl-amino acid conjugates biosynthesis;Superpathway of linamarin and lotaustralin biosynthesis;Superpathway of L-threonine metabolism;Superpathway of L-isoleucine biosynthesis I;Superpathway of indole-3-acetate conjugate biosynthesis,6-Aminocaproic acid-peak2,6,13,2,1,0,0,2.1666666666666665,0.3333333333333333,-1,88.8,1,-1,-0.6666666666666666,-0.25,-2,Protein,873275.4227097771,10162807.66235727,11.637574352913813,3.5407184801354368,6.8451905916836285e-9,3.451116923307163e-8,Upregulated,Biosynthesis of secondary metabolites
Feature0842,(+)-sesamin monocatechol,C19 H18 O6,342.11045,Biosynthesis of secondary metabolites;Other,NA,(+)-sesamin monocatechol-peak2,19,18,6,0,0,0,0.9473684210526316,0.3157894736842105,-0.3157894736842106,69.3,11,5,0.38461538461538464,0.5,5,Lignin,962985.7376514373,1293762.9142474323,1.3434912519085753,0.4259869273285963,0.0230031381240433,0.03614778848063947,Upregulated,Biosynthesis of secondary metabolites
Feature0841,(2S)-2-Amino-4-hexynoic acid,C6 H9 N O2,127.06329,Metabolic pathways;Biosynthesis of secondary metabolites;Biosynthesis of plant secondary metabolites;Lysine degradation;Other,Superpathway of L-lysine degradation,(2S)-2-Amino-4-hexynoic acid,6,9,2,1,0,0,1.5,0.3333333333333333,-0.33333333333333304,69.79999999999998,3,1,0,0.25,0,Protein,846360.6018019023,12870649.641475543,15.20705195170229,3.9266685933218692,5.98883433762211e-6,1.5559946883331063e-5,Upregulated,Biosynthesis of secondary metabolites
Feature0840,DL-Lactic Acid,C3 H6 O3,90.03171,Metabolic pathways;Biosynthesis of secondary metabolites;Microbial metabolism in diverse environments;Other,Other,DL-Lactic Acid,3,6,3,0,0,0,2,1,0,60.3,1,-2,-Inf,-0.3333333333333333,-2,Carbohydrate,2119945.121862688,6027651.799228368,2.8433055823313844,1.5075691600152803,8.375462176481533e-6,2.1144609429150102e-5,Upregulated,Biosynthesis of secondary metabolites
Feature0812,Aspartyl-L-proline,C9 H14 N2 O5,230.09027,Biosynthesis of secondary metabolites;Other,NA,Aspartyl-L-proline,9,14,5,2,0,0,1.5555555555555556,0.5555555555555556,0.22222222222222232,53.96666666666666,4,-1,-1.5,-0.1111111111111111,-3,Amino Sugar,585358.4923924208,10398606.948158959,17.76451026730436,4.150926011832874,1.1153597151041206e-7,4.098523551814274e-7,Upregulated,Biosynthesis of secondary metabolites
Feature0797,6-Methoxyquinoline,C10 H9 N O,159.06843,Metabolic pathways;Biosynthesis of secondary metabolites;Biosynthesis of various antibiotics;Other,NA,6-Methoxyquinoline,10,9,1,1,0,0,0.9,0.1,-0.4000000000000003,71.7,7,6,0.625,0.6470588235294118,5,Unsaturated HC,1320694.1840029773,10226004.908803165,7.7429014473346935,2.9528742794581726,0.003960569785386916,0.006930997124427103,Upregulated,Biosynthesis of secondary metabolites
Feature0788,2-Amino-3-methoxybenzoic acid,C8 H9 N O3,167.05827,Metabolic pathways;Biosynthesis of secondary metabolites;Microbial metabolism in diverse environments;Biosynthesis of cofactors;Other,Other,2-Amino-3-methoxybenzoic acid,8,9,3,1,0,0,1.125,0.375,0,60.3,5,2,0.25,0.4545454545454546,1,Lignin,1906311.009839178,7055946.51963491,3.7013616787693895,1.8880561155550983,6.885116356805634e-5,1.5326395674676403e-4,Upregulated,Biosynthesis of secondary metabolites
Feature0771,"3-(2,6-Dioxocyclohexyl)propanenitrile",C9 H11 N O2,165.07901,"Metabolic pathways;Biosynthesis of secondary metabolites;Biosynthesis of amino acids;2-Oxocarboxylic acid metabolism;Biosynthesis of plant secondary metabolites;Phenylpropanoid biosynthesis;Biosynthesis of phenylpropanoids;ABC transporters;Biosynthesis of alkaloids derived from shikimate pathway;Biosynthesis of various plant secondary metabolites;Phenylalanine metabolism;Phenylalanine, tyrosine and tryptophan biosynthesis;Other",Superpathway of chorismate metabolism;Superpathway of scopolin and esculin biosynthesis;Superpathway of aromatic amino acid biosynthesis;Anaerobic aromatic compound degradation (Thauera aromatica);Superpathway of jasmonoyl-amino acid conjugates biosynthesis;Superpathway of indole-3-acetate conjugate biosynthesis;Other,"3-(2,6-Dioxocyclohexyl)propanenitrile",9,11,2,1,0,0,1.2222222222222223,0.2222222222222222,-0.44444444444444464,72.96666666666667,5,3,0.3333333333333333,0.42857142857142855,2,Lignin,6416394.730927129,9072148.285993537,1.4139012118854895,0.499681323752896,8.003714816905872e-6,2.0296845658440938e-5,Upregulated,Biosynthesis of secondary metabolites
Feature0738,Adipic acid,C6 H10 O4,146.05793,Metabolic pathways;Biosynthesis of secondary metabolites;Microbial metabolism in diverse environments;Degradation of aromatic compounds;Biosynthesis of cofactors;Biosynthesis of amino acids;2-Oxocarboxylic acid metabolism;Aminobenzoate degradation;Other,Superpathway of branched chain amino acid biosynthesis;Superpathway of L-threonine metabolism;Superpathway of L-isoleucine biosynthesis I;Other,Adipic acid,6,10,4,0,0,0,1.6666666666666667,0.6666666666666666,-0.33333333333333304,69.79999999999998,2,-2,-1,0,-2,Amino Sugar,1519978.159907174,12660428.554944547,8.329348992565608,3.0582037414612255,3.264809770610015e-8,1.3757680973665088e-7,Upregulated,Biosynthesis of secondary metabolites
Feature0737,(-)-Caryophyllene oxide,C15 H24 O,220.1827,Biosynthesis of secondary metabolites;Other,Other,(-)-Caryophyllene oxide-peak1,15,24,1,0,0,0,1.6,0.06666666666666667,-1.4666666666666668,102.1,4,3,0.21428571428571427,0.2413793103448276,3,Lipid,510527.585722115,17069043.878221758,33.434126491085635,5.0632495204627705,1.0545909736120519e-8,4.962436414718933e-8,Upregulated,Biosynthesis of secondary metabolites
Feature0733,Stearidonic acid,C18 H28 O2,276.20889,Biosynthesis of secondary metabolites;Other,NA,Stearidonic acid,18,28,2,0,0,0,1.5555555555555556,0.1111111111111111,-1.333333333333333,98.29999999999998,5,3,0.1875,0.2352941176470588,3,Lipid,869791.3847979339,3999622.58355327,4.598369969463937,2.2011225451422893,2.7826256982634056e-4,5.651999919494255e-4,Upregulated,Biosynthesis of secondary metabolites
Feature0729,Pyridoxal,C8 H9 N O3,167.05826,Metabolic pathways;Biosynthesis of secondary metabolites;Microbial metabolism in diverse environments;Biosynthesis of cofactors;Other,Other,Pyridoxal-peak3,8,9,3,1,0,0,1.125,0.375,0,60.3,5,2,0.25,0.4545454545454546,1,Lignin,2402005.9627783573,12035797.100646343,5.010727403326157,2.325020053519459,2.88615960834853e-10,2.263497396547412e-9,Upregulated,Biosynthesis of secondary metabolites
Feature0695,Linamarin,C10 H17 N O6,247.10559,Metabolic pathways;Biosynthesis of secondary metabolites;Other,Superpathway of linamarin and lotaustralin biosynthesis,Linamarin-peak1,10,17,6,1,0,0,1.7,0.6,-0.20000000000000015,66,3,-3,-1.3333333333333333,-0.16666666666666666,-4,Amino Sugar,314782.21854870976,13408236.0431392,42.595277792237795,5.412621593804614,1.870704848425365e-12,2.880885466575062e-11,Upregulated,Biosynthesis of secondary metabolites
Feature0691,Meconin,C10 H10 O4,194.05794,Metabolic pathways;Biosynthesis of secondary metabolites;Phenylpropanoid biosynthesis;Biosynthesis of phenylpropanoids,Superpathway of scopolin and esculin biosynthesis;Other,Meconin-peak1,10,10,4,0,0,0,1,0.4,-0.20000000000000015,66,6,2,0.3333333333333333,0.5,2,Lignin,208837.1137417934,755428.5634416932,3.6173099211460396,1.8549172094246613,0.010533201117867236,0.017289963850452613,Upregulated,Biosynthesis of secondary metabolites
Feature0689,1-Deoxynojirimycin,C6 H13 N O4,163.08449,Biosynthesis of secondary metabolites;Other,Superpathway of butirocin biosynthesis;Superpathway of linamarin and lotaustralin biosynthesis;Kanamycin biosynthesis;Superpathway of neomycin biosynthesis,1-Deoxynojirimycin-peak2,6,13,4,1,0,0,2.1666666666666665,0.6666666666666666,-0.33333333333333304,69.79999999999998,1,-3,-4,-0.6666666666666666,-4,Amino Sugar,1070925.6607467586,14090663.95527743,13.157462251349905,3.7178093506438774,6.376134524043574e-5,1.4306187925469953e-4,Upregulated,Biosynthesis of secondary metabolites
Feature0632,beta-Pyracin,C8 H7 N O3,165.04262,Metabolic pathways;Biosynthesis of secondary metabolites;Microbial metabolism in diverse environments;Other,Other,beta-Pyracin,8,7,3,1,0,0,0.875,0.375,0.25,53.175,6,3,0.5,0.6363636363636364,2,Lignin,8812448.800503435,11315140.722504215,1.2839950595636718,0.3606396514035939,2.300705961931914e-6,6.484851746277308e-6,Upregulated,Biosynthesis of secondary metabolites
Feature0621,dapdiamide A,C12 H20 N4 O5,300.14339,Metabolic pathways;Biosynthesis of secondary metabolites;Biosynthesis of various antibiotics,NA,dapdiamide A,12,20,5,4,0,0,1.6666666666666667,0.4166666666666667,0.16666666666666652,55.55,5,0,-1.3333333333333333,-0.2727272727272727,-4,Protein,2855097.31626382,8389637.823419966,2.938477009392676,1.5550686107428795,7.51179991624307e-7,2.356479455206622e-6,Upregulated,Biosynthesis of secondary metabolites
Feature0523,4-Ethoxy-m-anisaldehyde,C10 H12 O3,180.07871,Metabolic pathways;Biosynthesis of secondary metabolites;Phenylpropanoid biosynthesis;Biosynthesis of phenylpropanoids;Biosynthesis of various plant secondary metabolites;Other,NA,4-Ethoxy-m-anisaldehyde,10,12,3,0,0,0,1.2,0.3,-0.5999999999999996,77.39999999999999,5,2,0.2857142857142857,0.4117647058823529,2,Lignin,2674799.009704071,9605641.260872202,3.5911637569863357,1.8444514413638873,1.049519358474028e-6,3.157878851252226e-6,Upregulated,Biosynthesis of secondary metabolites
Feature0520,"N1-[4-(1,3-Oxazol-5-yl)phenyl]cyclopropane-1-carboxamide",C13 H12 N2 O2,228.08992,Metabolic pathways;Biosynthesis of secondary metabolites;Other,NA,"N1-[4-(1,3-Oxazol-5-yl)phenyl]cyclopropane-1-carboxamide",13,12,2,2,0,0,0.9230769230769232,0.15384615384615383,-0.1538461538461542,64.6846153846154,9,7,0.5555555555555556,0.6,5,Lignin,2643175.1868191957,5182660.008212627,1.9607705285889332,0.9714207050160192,6.54908257032939e-10,4.584357799230573e-9,Upregulated,Biosynthesis of secondary metabolites
Feature0507,(4S)-4-Hydroxy-4-methyltetrahydro-2H-pyran-2-one,C6 H10 O3,130.06296,Metabolic pathways;Biosynthesis of secondary metabolites;Microbial metabolism in diverse environments;Degradation of aromatic compounds;Biosynthesis of amino acids;2-Oxocarboxylic acid metabolism;Other,Superpathway of branched chain amino acid biosynthesis;Superpathway of L-threonine metabolism;Superpathway of L-isoleucine biosynthesis I,(4S)-4-Hydroxy-4-methyltetrahydro-2H-pyran-2-one-peak2,6,10,3,0,0,0,1.6666666666666667,0.5,-0.666666666666667,79.30000000000001,2,-1,-0.3333333333333333,0.1111111111111111,-1,Protein,701398.6452734687,9400104.605791822,13.401942916680158,3.744370262217242,3.908420304817089e-9,2.0886006297666083e-8,Upregulated,Biosynthesis of secondary metabolites
Feature0506,gamma-Glutamyl-N~5~-acetylornithine,C12 H21 N3 O6,303.14309,Metabolic pathways;Biosynthesis of secondary metabolites;Biosynthesis of various plant secondary metabolites;Other,NA,gamma-Glutamyl-N~5~-acetylornithine,12,21,6,3,0,0,1.75,0.5,0,60.3,4,-2,-1.6666666666666667,-0.3333333333333333,-5,Protein,1754888.8402015453,3257308.241720138,1.856133657642978,0.8923006007003572,3.3973862130445125e-7,1.1351424546148726e-6,Upregulated,Biosynthesis of secondary metabolites
Feature0478,Phenacetin,C10 H13 N O2,179.09463,"Metabolic pathways;Biosynthesis of secondary metabolites;2-Oxocarboxylic acid metabolism;Biosynthesis of alkaloids derived from shikimate pathway;Phenylalanine, tyrosine and tryptophan biosynthesis;Other",NA,Phenacetin-peak2,10,13,2,1,0,0,1.3,0.2,-0.5999999999999996,77.39999999999999,5,3,0.2857142857142857,0.375,2,Lignin,6611435.4625987215,10239919.244638395,1.548819360419718,0.6311688916914058,1.2989344140754852e-7,4.7218774623259056e-7,Upregulated,Biosynthesis of secondary metabolites
Feature0461,D-PANTOTHENIC ACID,C9 H17 N O5,219.11065,Metabolic pathways;Biosynthesis of secondary metabolites;Biosynthesis of cofactors;Other,Other,D-PANTOTHENIC ACID-peak1,9,17,5,1,0,0,1.8888888888888888,0.5555555555555556,-0.44444444444444464,72.96666666666667,2,-3,-1.3333333333333333,-0.2727272727272727,-4,Amino Sugar,3562060.345802952,4829866.296845389,1.3559192792834762,0.4392712943711791,0.017564418405835516,0.02828338857365529,Upregulated,Biosynthesis of secondary metabolites
Feature0455,acetoacetic acid,C4 H6 O3,102.03167,Metabolic pathways;Biosynthesis of secondary metabolites;Microbial metabolism in diverse environments;Biosynthesis of amino acids;2-Oxocarboxylic acid metabolism;Tyrosine metabolism;Lysine degradation;Other,Superpathway of L-lysine degradation;Superpathway of branched chain amino acid biosynthesis;Superpathway of L-threonine metabolism;Superpathway of L-isoleucine biosynthesis I;Other,acetoacetic acid-peak2,4,6,3,0,0,0,1.5,0.75,0,60.3,2,-1,-1,0.2,-1,Carbohydrate,1978828.602124694,3674662.8387533566,1.8569889452819832,0.8929652268865097,0.007099894661840285,0.012027221557157441,Upregulated,Biosynthesis of secondary metabolites
Feature0450,3-oxovaleric acid,C5 H8 O3,116.0473,Metabolic pathways;Biosynthesis of secondary metabolites;Microbial metabolism in diverse environments;Biosynthesis of cofactors;Biosynthesis of amino acids;2-Oxocarboxylic acid metabolism;Lysine degradation;Other,Superpathway of L-lysine degradation;Superpathway of branched chain amino acid biosynthesis;Other,3-oxovaleric acid-peak2,5,8,3,0,0,0,1.6,0.6,-0.4000000000000003,71.7,2,-1,-0.5,0.14285714285714285,-1,Amino Sugar,3313604.7164244712,5735589.693916425,1.7309215144120704,0.7915403097215514,0.0012652444266265303,0.0023475619481986227,Upregulated,Biosynthesis of secondary metabolites
Feature0399,4-Hydroxyprolylthreonine,C9 H16 N2 O5,232.10595,Metabolic pathways;Biosynthesis of secondary metabolites;Biosynthesis of amino acids;Other,Other,4-Hydroxyprolylthreonine-peak1,9,16,5,2,0,0,1.7777777777777777,0.5555555555555556,0,60.3,3,-2,-2,-0.3333333333333333,-4,Amino Sugar,997682.3978638783,1683509.1269445915,1.6874198948975403,0.7548190162510977,0.02278355074437449,0.03583596560907185,Upregulated,Biosynthesis of secondary metabolites
Feature0392,N-Acetyltyramine,C10 H13 N O2,179.09462,"Metabolic pathways;Biosynthesis of secondary metabolites;2-Oxocarboxylic acid metabolism;Biosynthesis of alkaloids derived from shikimate pathway;Phenylalanine, tyrosine and tryptophan biosynthesis;Other",NA,N-Acetyltyramine-peak1,10,13,2,1,0,0,1.3,0.2,-0.5999999999999996,77.39999999999999,5,3,0.2857142857142857,0.375,2,Lignin,4044824.351779723,5917928.428377091,1.4630866296513474,0.5490151942667412,0.027034916847319256,0.04205431509582996,Upregulated,Biosynthesis of secondary metabolites
Feature0348,Bicine,C6 H13 N O4,163.08447,Biosynthesis of secondary metabolites;Other,Superpathway of butirocin biosynthesis;Superpathway of linamarin and lotaustralin biosynthesis;Kanamycin biosynthesis;Superpathway of neomycin biosynthesis,Bicine,6,13,4,1,0,0,2.1666666666666665,0.6666666666666666,-0.33333333333333304,69.79999999999998,1,-3,-4,-0.6666666666666666,-4,Amino Sugar,857650.372840969,6299797.424760416,7.345414430232592,2.8768438903151563,1.0416167318310716e-6,3.139677479932091e-6,Upregulated,Biosynthesis of secondary metabolites
Feature0327,"6,7-dihydro-5H-dibenzo[d,f][1,3]diazepin-6-one",C13 H10 N2 O,210.07933,Metabolic pathways;Biosynthesis of secondary metabolites;Other,NA,"6,7-dihydro-5H-dibenzo[d,f][1,3]diazepin-6-one",13,10,1,2,0,0,0.7692307692307693,0.07692307692307693,-0.1538461538461542,64.6846153846154,10,9,0.7,0.7142857142857143,7,Condensed HC,5070759.891526803,6735567.069490322,1.3283151270375466,0.4095974496080292,8.161261084700511e-4,0.0015604036430567343,Upregulated,Biosynthesis of secondary metabolites
Feature0318,(4S)-4-Hydroxy-4-methyltetrahydro-2H-pyran-2-one,C6 H10 O3,130.06297,Metabolic pathways;Biosynthesis of secondary metabolites;Microbial metabolism in diverse environments;Degradation of aromatic compounds;Biosynthesis of amino acids;2-Oxocarboxylic acid metabolism;Other,Superpathway of branched chain amino acid biosynthesis;Superpathway of L-threonine metabolism;Superpathway of L-isoleucine biosynthesis I,(4S)-4-Hydroxy-4-methyltetrahydro-2H-pyran-2-one-peak1,6,10,3,0,0,0,1.6666666666666667,0.5,-0.666666666666667,79.30000000000001,2,-1,-0.3333333333333333,0.1111111111111111,-1,Protein,665774.0388144057,1683618.1260675327,2.5288131226409476,1.3384604268782605,0.0010478946107187572,0.001965817796852242,Upregulated,Biosynthesis of secondary metabolites
Feature0308,2-Methoxy-5-methylaniline,C8 H11 N O,137.08405,Metabolic pathways;Biosynthesis of secondary metabolites;Biosynthesis of cofactors;Biosynthesis of plant secondary metabolites;Biosynthesis of alkaloids derived from shikimate pathway;Tyrosine metabolism;Other,NA,2-Methoxy-5-methylaniline,8,11,1,1,0,0,1.375,0.125,-0.75,81.675,4,3,0.3333333333333333,0.38461538461538464,2,Unsaturated HC,4601724.220192014,6626294.7340997,1.4399591146779342,0.5260278492448277,0.026399647837929377,0.04110386345354077,Upregulated,Biosynthesis of secondary metabolites
Feature0304,3-oxovaleric acid,C5 H8 O3,116.0473,Metabolic pathways;Biosynthesis of secondary metabolites;Microbial metabolism in diverse environments;Biosynthesis of cofactors;Biosynthesis of amino acids;2-Oxocarboxylic acid metabolism;Lysine degradation;Other,Superpathway of L-lysine degradation;Superpathway of branched chain amino acid biosynthesis;Other,3-oxovaleric acid-peak1,5,8,3,0,0,0,1.6,0.6,-0.4000000000000003,71.7,2,-1,-0.5,0.14285714285714285,-1,Amino Sugar,1306399.799636725,4880248.07038305,3.7356466770280554,1.9013580092754792,3.4955484567051404e-9,1.9101480921479058e-8,Upregulated,Biosynthesis of secondary metabolites
Feature0298,Caffeic acid,C9 H8 O4,180.04231,"Metabolic pathways;Biosynthesis of secondary metabolites;Microbial metabolism in diverse environments;Degradation of aromatic compounds;Biosynthesis of cofactors;Biosynthesis of amino acids;2-Oxocarboxylic acid metabolism;Biosynthesis of plant secondary metabolites;Phenylpropanoid biosynthesis;Biosynthesis of phenylpropanoids;Biosynthesis of alkaloids derived from shikimate pathway;Biosynthesis of various antibiotics;Phenylalanine metabolism;Tyrosine metabolism;Phenylalanine, tyrosine and tryptophan biosynthesis;Other",Superpathway of chorismate metabolism;Superpathway of scopolin and esculin biosynthesis;Superpathway of aromatic amino acid biosynthesis;Superpathway of 4-hydroxybenzoate biosynthesis (yeast);Other,Caffeic acid-peak1,9,8,4,0,0,0,0.8888888888888888,0.4444444444444444,0,60.3,6,2,0.4,0.5714285714285714,2,Lignin,460870.09713003266,2671442.4338279786,5.7965193456112685,2.5351868605559202,6.448162527044873e-6,1.6651200184167708e-5,Upregulated,Biosynthesis of secondary metabolites
Feature0275,Trigonelline,C7 H7 N O2,137.04766,"Metabolic pathways;Biosynthesis of secondary metabolites;Microbial metabolism in diverse environments;Degradation of aromatic compounds;Biosynthesis of cofactors;Biosynthesis of amino acids;Biosynthesis of plant secondary metabolites;Biosynthesis of phenylpropanoids;Biosynthesis of alkaloids derived from shikimate pathway;Biosynthesis of various antibiotics;Phenylalanine, tyrosine and tryptophan biosynthesis;Aminobenzoate degradation;Other",Superpathway of chorismate metabolism;Superpathway of aromatic compound degradation via 2-oxopent-4-enoate;Superpathway of aromatic amino acid biosynthesis;Anaerobic aromatic compound degradation (Thauera aromatica);Superpathway of aromatic compound degradation via 3-oxoadipate;Other,Trigonelline-peak2,7,7,2,1,0,0,1,0.2857142857142857,0,60.3,5,3,0.5,0.6,2,Lignin,430113.84512286796,3545357.122330541,8.242834222920122,3.043140480163633,3.9611458861222677e-7,1.305482710329012e-6,Upregulated,Biosynthesis of secondary metabolites
Feature0260,.alpha.-Aminoadipic acid,C6 H11 N O4,161.06884,Metabolic pathways;Biosynthesis of secondary metabolites;Microbial metabolism in diverse environments;Biosynthesis of amino acids;2-Oxocarboxylic acid metabolism;Lysine degradation;Other,Superpathway of L-lysine degradation;Superpathway of butirocin biosynthesis;Kanamycin biosynthesis;Superpathway of neomycin biosynthesis;Other,.alpha.-Aminoadipic acid,6,11,4,1,0,0,1.8333333333333333,0.6666666666666666,0,60.3,2,-2,-3,-0.3333333333333333,-3,Amino Sugar,1967229.1056164622,5807878.580954768,2.952314280209258,1.5618463075653917,6.003540040376769e-6,1.5574267731084603e-5,Upregulated,Biosynthesis of secondary metabolites
Feature0164,Paracetamol,C8 H9 N O2,151.06335,Metabolic pathways;Biosynthesis of secondary metabolites;Microbial metabolism in diverse environments;2-Oxocarboxylic acid metabolism;Biosynthesis of alkaloids derived from shikimate pathway;Aminobenzoate degradation;Other,Other,Paracetamol-peak1,8,9,2,1,0,0,1.125,0.25,-0.25,67.425,5,3,0.4,0.5,2,Lignin,3489512.475464681,5816088.782214587,1.6667339128627379,0.7370238024440828,3.6982117651449114e-7,1.2307997505217055e-6,Upregulated,Biosynthesis of secondary metabolites
Feature0141,Isobutyric acid,C4 H8 O2,88.05244,Metabolic pathways;Biosynthesis of secondary metabolites;Microbial metabolism in diverse environments;Degradation of aromatic compounds;Other,Superpathway of L-lysine degradation;Other,Isobutyric acid,4,8,2,0,0,0,2,0.5,-1,88.8,1,-1,-0.5,0,-1,Protein,419745.4219686092,916646.5910132916,2.1838155773426,1.1268510261810576,0.0014262833232867045,0.002634813467445668,Upregulated,Biosynthesis of secondary metabolites
Feature0134,"(1S,4E,8E,12E)-2,2,5,9,13-Pentamethyl-4,8,12-cyclopentadecatrien-1-ol",C20 H34 O,290.261,Metabolic pathways;Biosynthesis of secondary metabolites;Other,NA,"(1S,4E,8E,12E)-2,2,5,9,13-Pentamethyl-4,8,12-cyclopentadecatrien-1-ol",20,34,1,0,0,0,1.7,0.05,-1.5999999999999996,105.89999999999998,4,3,0.15789473684210523,0.1794871794871795,3,Lipid,253477.30977647926,5334994.803320725,21.047228282583625,4.395558351634722,3.281056341800179e-11,3.368551177581518e-10,Upregulated,Biosynthesis of secondary metabolites
Feature0130,Nipecotic acid,C6 H11 N O2,129.07895,Metabolic pathways;Biosynthesis of secondary metabolites;Biosynthesis of plant secondary metabolites;Lysine degradation;Other,Superpathway of L-lysine degradation,Nipecotic acid,6,11,2,1,0,0,1.8333333333333333,0.3333333333333333,-0.666666666666667,79.30000000000001,2,0,-0.3333333333333333,0,-1,Protein,850367.79831838,5073953.246520266,5.9667749138127215,2.5769513547625915,1.081867618414792e-9,7.186995080763363e-9,Upregulated,Biosynthesis of secondary metabolites
Feature0126,Trigonelline,C7 H7 N O2,137.04768,"Metabolic pathways;Biosynthesis of secondary metabolites;Microbial metabolism in diverse environments;Degradation of aromatic compounds;Biosynthesis of cofactors;Biosynthesis of amino acids;Biosynthesis of plant secondary metabolites;Biosynthesis of phenylpropanoids;Biosynthesis of alkaloids derived from shikimate pathway;Biosynthesis of various antibiotics;Phenylalanine, tyrosine and tryptophan biosynthesis;Aminobenzoate degradation;Other",Superpathway of chorismate metabolism;Superpathway of aromatic compound degradation via 2-oxopent-4-enoate;Superpathway of aromatic amino acid biosynthesis;Anaerobic aromatic compound degradation (Thauera aromatica);Superpathway of aromatic compound degradation via 3-oxoadipate;Other,Trigonelline-peak1,7,7,2,1,0,0,1,0.2857142857142857,0,60.3,5,3,0.5,0.6,2,Lignin,1230637.0142988362,2722501.4084341754,2.2122700494144807,1.1455275045469135,0.0033810672028479778,0.005941418922846965,Upregulated,Biosynthesis of secondary metabolites
Feature0125,Methyl picolinate,C7 H7 N O2,137.04767,"Metabolic pathways;Biosynthesis of secondary metabolites;Microbial metabolism in diverse environments;Degradation of aromatic compounds;Biosynthesis of cofactors;Biosynthesis of amino acids;Biosynthesis of plant secondary metabolites;Biosynthesis of phenylpropanoids;Biosynthesis of alkaloids derived from shikimate pathway;Biosynthesis of various antibiotics;Phenylalanine, tyrosine and tryptophan biosynthesis;Aminobenzoate degradation;Other",Superpathway of chorismate metabolism;Superpathway of aromatic compound degradation via 2-oxopent-4-enoate;Superpathway of aromatic amino acid biosynthesis;Anaerobic aromatic compound degradation (Thauera aromatica);Superpathway of aromatic compound degradation via 3-oxoadipate;Other,Methyl picolinate,7,7,2,1,0,0,1,0.2857142857142857,0,60.3,5,3,0.5,0.6,2,Lignin,429811.29120758246,5547141.003842108,12.905991809235767,3.6899691098786365,2.5930883128736198e-6,7.236724220770859e-6,Upregulated,Biosynthesis of secondary metabolites
Feature0114,Pyridoxal,C8 H9 N O3,167.05829,Metabolic pathways;Biosynthesis of secondary metabolites;Microbial metabolism in diverse environments;Biosynthesis of cofactors;Other,Other,Pyridoxal-peak1,8,9,3,1,0,0,1.125,0.375,0,60.3,5,2,0.25,0.4545454545454546,1,Lignin,381488.08032834873,706370.013370741,1.8516175204288552,0.8887861189177693,7.084191918369447e-4,0.0013679154698825453,Upregulated,Biosynthesis of secondary metabolites
Feature0110,N-[(5S)-5-Amino-5-carboxypentanoyl]cysteinyl-D-valine,C14 H25 N3 O6 S,363.1465,Metabolic pathways;Biosynthesis of secondary metabolites;Other,Other,N-[(5S)-5-Amino-5-carboxypentanoyl]cysteinyl-D-valine,14,25,6,3,1,0,1.7857142857142858,0.42857142857142855,-0.14285714285714324,64.37142857142858,4,-2,-1.5,-0.42857142857142855,-6,Protein,143337.01219317157,944409.9214182119,6.588737318910033,2.720002010257678,2.4102595657677707e-8,1.0415764552067865e-7,Upregulated,Biosynthesis of secondary metabolites
Feature0080,5-Deoxy-5-aminoshikimic acid,C7 H11 N O4,173.06883,Metabolic pathways;Biosynthesis of secondary metabolites;Biosynthesis of amino acids;2-Oxocarboxylic acid metabolism;Other,Other,5-Deoxy-5-aminoshikimic acid-peak1,7,11,4,1,0,0,1.5714285714285714,0.5714285714285714,0,60.3,3,-1,-1,0,-2,Amino Sugar,3803211.0128439334,4711678.364765278,1.2388685110695496,0.3090230732779642,1.3581150789898742e-5,3.319836859753026e-5,Upregulated,Biosynthesis of secondary metabolites
Feature0058,Ajmaline,C20 H26 N2 O2,326.19951,Biosynthesis of secondary metabolites;Other,NA,Ajmaline,20,26,2,2,0,0,1.3,0.1,-0.7999999999999998,83.1,9,7,0.3125,0.35294117647058826,5,Unsaturated HC,146566.17232020083,3576489.3095383015,24.401874272358025,4.60892005823242,0.009372467378466224,0.015535185654717988,Upregulated,Biosynthesis of secondary metabolites
